case_id,test_name,test_outcome,entrypoint,input_kind,observation_count,unique_detection_point_count,constraint_count_input,constraint_count_solver,elapsed_ms,status,vertex_count,diameter,circle_radius,max_vertex_distance,coverage_excess,same_diameter_covers,backend_mode,backend
test_angle_wrap_and_two_input_styles__001,test_angle_wrap_and_two_input_styles,PASS,solve_q1,observations,2,2,4,4,12.918500000523636,POLYGON,4,39.5083406589872,19.7541703294936,19.754170329493604,3.552713678800501e-15,True,scipy_with_fraction_check,scipy_highs_with_fraction_check
test_angle_wrap_and_two_input_styles__002,test_angle_wrap_and_two_input_styles,PASS,solve_q1,observations,2,2,4,4,3.19840000156546,POLYGON,4,39.5083406589872,19.7541703294936,19.754170329493604,3.552713678800501e-15,True,scipy_with_fraction_check,scipy_highs_with_fraction_check
test_consistent_random_observations__001,test_consistent_random_observations,PASS,solve_q1,observations,3,3,6,6,3.1306999990192708,POLYGON,4,22.217638393864267,11.108819196932133,13.10623352407956,1.9974143271474265,False,scipy_with_fraction_check,scipy_highs_with_fraction_check
test_consistent_random_observations__002,test_consistent_random_observations,PASS,solve_q1,observations,4,4,8,8,4.312699998990865,POLYGON,5,20.83521363032694,10.41760681516347,12.111275110271798,1.6936682951083277,False,scipy_with_fraction_check,scipy_highs_with_fraction_check
test_consistent_random_observations__003,test_consistent_random_observations,PASS,solve_q1,observations,3,3,6,6,10.270400000081281,POLYGON,6,30.04862541611205,15.024312708056025,16.885144174807255,1.8608314667512307,False,scipy_with_fraction_check,scipy_highs_with_fraction_check
test_consistent_random_observations__004,test_consistent_random_observations,PASS,solve_q1,observations,4,4,8,8,8.618500000011409,POLYGON,4,18.4296311073659,9.21481555368295,12.824010371268423,3.6091948175854736,False,scipy_with_fraction_check,scipy_highs_with_fraction_check
test_consistent_random_observations__005,test_consistent_random_observations,PASS,solve_q1,observations,3,3,6,6,4.470500000024913,POLYGON,5,20.689194195656633,10.344597097828316,10.344597097828316,0.0,True,scipy_with_fraction_check,scipy_highs_with_fraction_check
test_consistent_random_observations__006,test_consistent_random_observations,PASS,solve_q1,observations,4,4,8,8,4.150999999183114,POLYGON,6,19.632239331280147,9.816119665640073,9.816119665640105,3.197442310920451e-14,True,scipy_with_fraction_check,scipy_highs_with_fraction_check
test_consistent_random_observations__007,test_consistent_random_observations,PASS,solve_q1,observations,3,3,6,6,2.9579000001831446,POLYGON,4,27.108856643533624,13.554428321766812,22.29074433885397,8.736316017087157,False,scipy_with_fraction_check,scipy_highs_with_fraction_check
test_consistent_random_observations__008,test_consistent_random_observations,PASS,solve_q1,observations,4,4,8,8,3.6832000005233567,POLYGON,4,27.108856643533624,13.554428321766812,22.29074433885397,8.736316017087157,False,scipy_with_fraction_check,scipy_highs_with_fraction_check
test_consistent_random_observations__009,test_consistent_random_observations,PASS,solve_q1,observations,3,3,6,6,3.163400000630645,POLYGON,5,24.936210746966673,12.468105373483336,13.790312456015865,1.322207082532529,False,scipy_with_fraction_check,scipy_highs_with_fraction_check
test_consistent_random_observations__010,test_consistent_random_observations,PASS,solve_q1,observations,4,4,8,8,3.6318000002211193,POLYGON,4,23.405927302466317,11.702963651233159,14.22557584244861,2.522612191215451,False,scipy_with_fraction_check,scipy_highs_with_fraction_check
test_consistent_random_observations__011,test_consistent_random_observations,PASS,solve_q1,observations,3,3,6,6,3.066499999476946,POLYGON,4,24.567064058789537,12.283532029394769,17.189747299423043,4.906215270028275,False,scipy_with_fraction_check,scipy_highs_with_fraction_check
test_consistent_random_observations__012,test_consistent_random_observations,PASS,solve_q1,observations,4,4,8,8,3.928500000256463,POLYGON,5,20.179809411474533,10.089904705737267,15.739791625222104,5.649886919484837,False,scipy_with_fraction_check,scipy_highs_with_fraction_check
test_consistent_random_observations__013,test_consistent_random_observations,PASS,solve_q1,observations,3,3,6,6,3.0675999987579416,POLYGON,4,16.30451157914354,8.15225578957177,11.980298852679946,3.8280430631081757,False,scipy_with_fraction_check,scipy_highs_with_fraction_check
test_consistent_random_observations__014,test_consistent_random_observations,PASS,solve_q1,observations,4,4,8,8,3.965300000345451,POLYGON,5,16.092325748953094,8.046162874476547,11.84262705696514,3.7964641824885934,False,scipy_with_fraction_check,scipy_highs_with_fraction_check
test_consistent_random_observations__015,test_consistent_random_observations,PASS,solve_q1,observations,3,3,6,6,3.48169999961101,POLYGON,5,30.187578062550447,15.093789031275223,19.38501609985523,4.291227068580005,False,scipy_with_fraction_check,scipy_highs_with_fraction_check
test_consistent_random_observations__016,test_consistent_random_observations,PASS,solve_q1,observations,4,4,8,8,4.768300001160242,POLYGON,5,23.882380565841423,11.941190282920711,15.47990021388992,3.5387099309692083,False,scipy_with_fraction_check,scipy_highs_with_fraction_check
test_consistent_random_observations__017,test_consistent_random_observations,PASS,solve_q1,observations,3,3,6,6,3.9937999990797834,POLYGON,4,22.436888193427947,11.218444096713974,14.766177723358174,3.5477336266442006,False,scipy_with_fraction_check,scipy_highs_with_fraction_check
test_consistent_random_observations__018,test_consistent_random_observations,PASS,solve_q1,observations,4,4,8,8,4.153099998802645,POLYGON,5,22.436888193427947,11.218444096713974,11.21844409671399,1.5987211554602254e-14,True,scipy_with_fraction_check,scipy_highs_with_fraction_check
test_consistent_random_observations__019,test_consistent_random_observations,PASS,solve_q1,observations,3,3,6,6,2.93240000064543,POLYGON,3,9.246267005690134,4.623133502845067,5.634110328343506,1.0109768254984388,False,scipy_with_fraction_check,scipy_highs_with_fraction_check
test_consistent_random_observations__020,test_consistent_random_observations,PASS,solve_q1,observations,4,4,8,8,3.6787000008189352,POLYGON,3,9.246267005690134,4.623133502845067,5.634110328343506,1.0109768254984388,False,scipy_with_fraction_check,scipy_highs_with_fraction_check
test_consistent_random_observations__021,test_consistent_random_observations,PASS,solve_q1,observations,3,3,6,6,3.059299999222276,POLYGON,4,26.442952148004508,13.221476074002254,14.27129854739037,1.0498224733881152,False,scipy_with_fraction_check,scipy_highs_with_fraction_check
test_consistent_random_observations__022,test_consistent_random_observations,PASS,solve_q1,observations,4,4,8,8,3.6779000001843087,POLYGON,4,17.23703770541595,8.618518852707975,12.988327921397024,4.369809068689049,False,scipy_with_fraction_check,scipy_highs_with_fraction_check
test_consistent_random_observations__023,test_consistent_random_observations,PASS,solve_q1,observations,3,3,6,6,3.044400000362657,POLYGON,4,22.901170157771865,11.450585078885933,11.450585078885947,1.4210854715202004e-14,True,scipy_with_fraction_check,scipy_highs_with_fraction_check
test_consistent_random_observations__024,test_consistent_random_observations,PASS,solve_q1,observations,4,4,8,8,3.905499999746098,POLYGON,4,22.901170157771865,11.450585078885933,11.450585078885947,1.4210854715202004e-14,True,scipy_with_fraction_check,scipy_highs_with_fraction_check
test_consistent_random_observations__025,test_consistent_random_observations,PASS,solve_q1,observations,3,3,6,6,3.140799999528099,POLYGON,6,27.042483552084324,13.521241776042162,13.521241776042165,3.552713678800501e-15,True,scipy_with_fraction_check,scipy_highs_with_fraction_check
test_consistent_random_observations__026,test_consistent_random_observations,PASS,solve_q1,observations,4,4,8,8,3.8908999995328486,POLYGON,6,23.07626034780428,11.53813017390214,12.427104819446122,0.888974645543982,False,scipy_with_fraction_check,scipy_highs_with_fraction_check
test_consistent_random_observations__027,test_consistent_random_observations,PASS,solve_q1,observations,3,3,6,6,3.0636999999842374,POLYGON,5,26.043564992928037,13.021782496464018,13.021782496464045,2.6645352591003757e-14,True,scipy_with_fraction_check,scipy_highs_with_fraction_check
test_consistent_random_observations__028,test_consistent_random_observations,PASS,solve_q1,observations,4,4,8,8,3.766999998333631,POLYGON,4,19.227330645630182,9.613665322815091,9.613665322815091,0.0,True,scipy_with_fraction_check,scipy_highs_with_fraction_check
test_consistent_random_observations__029,test_consistent_random_observations,PASS,solve_q1,observations,3,3,6,6,2.91549999928975,POLYGON,4,20.1296607114347,10.06483035571735,14.367509026165235,4.302678670447886,False,scipy_with_fraction_check,scipy_highs_with_fraction_check
test_consistent_random_observations__030,test_consistent_random_observations,PASS,solve_q1,observations,4,4,8,8,3.7217999997665174,POLYGON,4,20.1296607114347,10.06483035571735,14.367509026165235,4.302678670447886,False,scipy_with_fraction_check,scipy_highs_with_fraction_check
test_consistent_random_observations__031,test_consistent_random_observations,PASS,solve_q1,observations,3,3,6,6,3.067699999519391,POLYGON,5,21.155216366145474,10.577608183072737,10.577608183072753,1.5987211554602254e-14,True,scipy_with_fraction_check,scipy_highs_with_fraction_check
test_consistent_random_observations__032,test_consistent_random_observations,PASS,solve_q1,observations,4,4,8,8,3.797100000156206,POLYGON,6,16.14808659371456,8.07404329685728,8.19821205992348,0.12416876306619962,False,scipy_with_fraction_check,scipy_highs_with_fraction_check
test_consistent_random_observations__033,test_consistent_random_observations,PASS,solve_q1,observations,3,3,6,6,3.321000000141794,POLYGON,6,19.567795610403557,9.783897805201779,9.783897805201779,0.0,True,scipy_with_fraction_check,scipy_highs_with_fraction_check
test_consistent_random_observations__034,test_consistent_random_observations,PASS,solve_q1,observations,4,4,8,8,3.8522999984706985,POLYGON,6,19.567795610403557,9.783897805201779,9.783897805201779,0.0,True,scipy_with_fraction_check,scipy_highs_with_fraction_check
test_consistent_random_observations__035,test_consistent_random_observations,PASS,solve_q1,observations,3,3,6,6,3.7651999991794582,POLYGON,6,33.296676229903746,16.648338114951873,16.648338114951873,0.0,True,scipy_with_fraction_check,scipy_highs_with_fraction_check
test_consistent_random_observations__036,test_consistent_random_observations,PASS,solve_q1,observations,4,4,8,8,3.7711000004492234,POLYGON,5,18.03443480176642,9.01721740088321,9.758980307948145,0.7417629070649348,False,scipy_with_fraction_check,scipy_highs_with_fraction_check
test_consistent_random_observations__037,test_consistent_random_observations,PASS,solve_q1,observations,3,3,6,6,3.305700000055367,POLYGON,5,29.430560528708686,14.715280264354343,14.715280264354346,3.552713678800501e-15,True,scipy_with_fraction_check,scipy_highs_with_fraction_check
test_consistent_random_observations__038,test_consistent_random_observations,PASS,solve_q1,observations,4,4,8,8,3.673200000775978,POLYGON,4,10.544068518967078,5.272034259483539,5.598583283384244,0.3265490239007045,False,scipy_with_fraction_check,scipy_highs_with_fraction_check
test_consistent_random_observations__039,test_consistent_random_observations,PASS,solve_q1,observations,3,3,6,6,3.252500000598957,POLYGON,4,17.212272665764843,8.606136332882421,14.230868743170147,5.624732410287725,False,scipy_with_fraction_check,scipy_highs_with_fraction_check
test_consistent_random_observations__040,test_consistent_random_observations,PASS,solve_q1,observations,4,4,8,8,4.888500001470675,POLYGON,4,17.212272665764843,8.606136332882421,14.230868743170147,5.624732410287725,False,scipy_with_fraction_check,scipy_highs_with_fraction_check
test_consistent_random_observations__041,test_consistent_random_observations,PASS,solve_q1,observations,3,3,6,6,3.3027000008587493,POLYGON,5,23.42281576551974,11.71140788275987,11.71140788275987,0.0,True,scipy_with_fraction_check,scipy_highs_with_fraction_check
test_consistent_random_observations__042,test_consistent_random_observations,PASS,solve_q1,observations,4,4,8,8,3.871900000376627,POLYGON,6,23.42281576551974,11.71140788275987,11.71140788275987,0.0,True,scipy_with_fraction_check,scipy_highs_with_fraction_check
test_consistent_random_observations__043,test_consistent_random_observations,PASS,solve_q1,observations,3,3,6,6,2.9419000002235407,POLYGON,3,11.57141590678283,5.785707953391415,9.737700054650201,3.951992101258786,False,scipy_with_fraction_check,scipy_highs_with_fraction_check
test_consistent_random_observations__044,test_consistent_random_observations,PASS,solve_q1,observations,4,4,8,8,3.6546999999700347,POLYGON,4,11.564433577160434,5.782216788580217,9.44961523774773,3.6673984491675133,False,scipy_with_fraction_check,scipy_highs_with_fraction_check
test_consistent_random_observations__045,test_consistent_random_observations,PASS,solve_q1,observations,3,3,6,6,3.1905999985610833,POLYGON,5,26.16949016307199,13.084745081535996,13.084745081535996,0.0,True,scipy_with_fraction_check,scipy_highs_with_fraction_check
test_consistent_random_observations__046,test_consistent_random_observations,PASS,solve_q1,observations,4,4,8,8,4.002300000138348,POLYGON,5,24.753980463880698,12.376990231940349,12.376990231940349,0.0,True,scipy_with_fraction_check,scipy_highs_with_fraction_check
test_consistent_random_observations__047,test_consistent_random_observations,PASS,solve_q1,observations,3,3,6,6,2.898299999287701,POLYGON,4,26.12226229183838,13.06113114591919,18.469711911849167,5.408580765929978,False,scipy_with_fraction_check,scipy_highs_with_fraction_check
test_consistent_random_observations__048,test_consistent_random_observations,PASS,solve_q1,observations,4,4,8,8,4.289900000003399,POLYGON,5,26.12226229183838,13.06113114591919,14.659043777974185,1.597912632054996,False,scipy_with_fraction_check,scipy_highs_with_fraction_check
test_consistent_random_observations__049,test_consistent_random_observations,PASS,solve_q1,observations,3,3,6,6,3.501999999571126,POLYGON,6,27.027300901021377,13.513650450510688,13.51365045051069,1.7763568394002505e-15,True,scipy_with_fraction_check,scipy_highs_with_fraction_check
test_consistent_random_observations__050,test_consistent_random_observations,PASS,solve_q1,observations,4,4,8,8,3.936900000553578,POLYGON,6,27.027300901021377,13.513650450510688,13.51365045051069,1.7763568394002505e-15,True,scipy_with_fraction_check,scipy_highs_with_fraction_check
test_consistent_random_observations__051,test_consistent_random_observations,PASS,solve_q1,observations,3,3,6,6,4.2441000005055685,POLYGON,6,19.16836247120864,9.58418123560432,9.584181235604321,1.7763568394002505e-15,True,scipy_with_fraction_check,scipy_highs_with_fraction_check
test_consistent_random_observations__052,test_consistent_random_observations,PASS,solve_q1,observations,4,4,8,8,4.144600001382059,POLYGON,5,19.13245016188425,9.566225080942125,9.566225080942147,2.1316282072803006e-14,True,scipy_with_fraction_check,scipy_highs_with_fraction_check
test_consistent_random_observations__053,test_consistent_random_observations,PASS,solve_q1,observations,3,3,6,6,3.3034999996743863,POLYGON,6,20.640998148375722,10.320499074187861,10.83522584747656,0.5147267732886984,False,scipy_with_fraction_check,scipy_highs_with_fraction_check
test_consistent_random_observations__054,test_consistent_random_observations,PASS,solve_q1,observations,4,4,8,8,5.307199999151635,POLYGON,6,19.3220843499491,9.66104217497455,9.88734038608564,0.2262982111110894,False,scipy_with_fraction_check,scipy_highs_with_fraction_check
test_consistent_random_observations__055,test_consistent_random_observations,PASS,solve_q1,observations,3,3,6,6,3.8323999997373903,POLYGON,4,26.501167804557774,13.250583902278887,13.250583902278898,1.0658141036401503e-14,True,scipy_with_fraction_check,scipy_highs_with_fraction_check
test_consistent_random_observations__056,test_consistent_random_observations,PASS,solve_q1,observations,4,4,8,8,3.9603000004717615,POLYGON,5,22.805573939008273,11.402786969504136,11.402786969504136,0.0,True,scipy_with_fraction_check,scipy_highs_with_fraction_check
test_consistent_random_observations__057,test_consistent_random_observations,PASS,solve_q1,observations,3,3,6,6,3.153999999994994,POLYGON,6,23.313649856317966,11.656824928158983,12.642625586619552,0.985800658460569,False,scipy_with_fraction_check,scipy_highs_with_fraction_check
test_consistent_random_observations__058,test_consistent_random_observations,PASS,solve_q1,observations,4,4,8,8,3.875099999277154,POLYGON,6,17.74052334003286,8.87026167001643,9.003924806230152,0.13366313621372328,False,scipy_with_fraction_check,scipy_highs_with_fraction_check
test_consistent_random_observations__059,test_consistent_random_observations,PASS,solve_q1,observations,3,3,6,6,4.092000001037377,POLYGON,6,24.78525038879993,12.392625194399965,16.236553279870343,3.8439280854703775,False,scipy_with_fraction_check,scipy_highs_with_fraction_check
test_consistent_random_observations__060,test_consistent_random_observations,PASS,solve_q1,observations,4,4,8,8,5.151399998794659,POLYGON,4,18.306402758889053,9.153201379444527,11.216273141037888,2.0630717615933616,False,scipy_with_fraction_check,scipy_highs_with_fraction_check
test_consistent_random_observations__061,test_consistent_random_observations,PASS,solve_q1,observations,3,3,6,6,3.455699999904027,POLYGON,5,19.613576799317446,9.806788399658723,11.905041925636667,2.0982535259779436,False,scipy_with_fraction_check,scipy_highs_with_fraction_check
test_consistent_random_observations__062,test_consistent_random_observations,PASS,solve_q1,observations,4,4,8,8,4.12760000108392,POLYGON,6,19.613576799317446,9.806788399658723,11.905041925636667,2.0982535259779436,False,scipy_with_fraction_check,scipy_highs_with_fraction_check
test_consistent_random_observations__063,test_consistent_random_observations,PASS,solve_q1,observations,3,3,6,6,3.2554999997955747,POLYGON,3,27.501756484920143,13.750878242460072,21.756944316203334,8.006066073743263,False,scipy_with_fraction_check,scipy_highs_with_fraction_check
test_consistent_random_observations__064,test_consistent_random_observations,PASS,solve_q1,observations,4,4,8,8,3.841600000669132,POLYGON,4,27.308153297295792,13.654076648647896,21.576154414551368,7.922077765903472,False,scipy_with_fraction_check,scipy_highs_with_fraction_check
test_consistent_random_observations__065,test_consistent_random_observations,PASS,solve_q1,observations,3,3,6,6,3.0365000002348097,POLYGON,4,22.910479182973717,11.455239591486858,14.480793803952906,3.025554212466048,False,scipy_with_fraction_check,scipy_highs_with_fraction_check
test_consistent_random_observations__066,test_consistent_random_observations,PASS,solve_q1,observations,4,4,8,8,3.6712000000989065,POLYGON,4,22.910479182973717,11.455239591486858,14.480793803952906,3.025554212466048,False,scipy_with_fraction_check,scipy_highs_with_fraction_check
test_consistent_random_observations__067,test_consistent_random_observations,PASS,solve_q1,observations,3,3,6,6,3.9734000001772074,POLYGON,6,23.685923450406495,11.842961725203248,12.485129755085659,0.6421680298824111,False,scipy_with_fraction_check,scipy_highs_with_fraction_check
test_consistent_random_observations__068,test_consistent_random_observations,PASS,solve_q1,observations,4,4,8,8,4.485399998884532,POLYGON,6,23.685923450406495,11.842961725203248,12.485129755085659,0.6421680298824111,False,scipy_with_fraction_check,scipy_highs_with_fraction_check
test_consistent_random_observations__069,test_consistent_random_observations,PASS,solve_q1,observations,3,3,6,6,3.4164999997301493,POLYGON,6,29.232435042508126,14.616217521254063,15.951188646296263,1.3349711250422,False,scipy_with_fraction_check,scipy_highs_with_fraction_check
test_consistent_random_observations__070,test_consistent_random_observations,PASS,solve_q1,observations,4,4,8,8,4.327599999669474,POLYGON,6,28.159568871784522,14.079784435892261,14.370238372068785,0.29045393617652415,False,scipy_with_fraction_check,scipy_highs_with_fraction_check
test_consistent_random_observations__071,test_consistent_random_observations,PASS,solve_q1,observations,3,3,6,6,3.685800000312156,POLYGON,6,34.37106650367972,17.18553325183986,17.185533251839885,2.4868995751603507e-14,True,scipy_with_fraction_check,scipy_highs_with_fraction_check
test_consistent_random_observations__072,test_consistent_random_observations,PASS,solve_q1,observations,4,4,8,8,4.469699999390286,POLYGON,6,18.940515556184263,9.470257778092131,11.807226706537218,2.3369689284450867,False,scipy_with_fraction_check,scipy_highs_with_fraction_check
test_consistent_random_observations__073,test_consistent_random_observations,PASS,solve_q1,observations,3,3,6,6,3.3605000007810304,POLYGON,5,20.50021025576835,10.250105127884176,10.702091804762697,0.451986676878521,False,scipy_with_fraction_check,scipy_highs_with_fraction_check
test_consistent_random_observations__074,test_consistent_random_observations,PASS,solve_q1,observations,4,4,8,8,4.33320000047388,POLYGON,6,20.50021025576835,10.250105127884176,10.493607449875348,0.24350232199117272,False,scipy_with_fraction_check,scipy_highs_with_fraction_check
test_consistent_random_observations__075,test_consistent_random_observations,PASS,solve_q1,observations,3,3,6,6,3.5951000008935807,POLYGON,6,26.153691291495313,13.076845645747657,18.006338139936368,4.929492494188711,False,scipy_with_fraction_check,scipy_highs_with_fraction_check
test_consistent_random_observations__076,test_consistent_random_observations,PASS,solve_q1,observations,4,4,8,8,4.053999999086955,POLYGON,5,23.89694708567158,11.94847354283579,11.94847354283579,0.0,True,scipy_with_fraction_check,scipy_highs_with_fraction_check
test_consistent_random_observations__077,test_consistent_random_observations,PASS,solve_q1,observations,3,3,6,6,3.176500000336091,POLYGON,5,22.85584481912781,11.427922409563905,14.443539326102059,3.0156169165381534,False,scipy_with_fraction_check,scipy_highs_with_fraction_check
test_consistent_random_observations__078,test_consistent_random_observations,PASS,solve_q1,observations,4,4,8,8,4.213599999275175,POLYGON,5,20.079376434589125,10.039688217294563,12.715990388422426,2.6763021711278636,False,scipy_with_fraction_check,scipy_highs_with_fraction_check
test_consistent_random_observations__079,test_consistent_random_observations,PASS,solve_q1,observations,3,3,6,6,3.5921999988204334,POLYGON,5,23.599418860013905,11.799709430006953,12.094476571657177,0.2947671416502242,False,scipy_with_fraction_check,scipy_highs_with_fraction_check
test_consistent_random_observations__080,test_consistent_random_observations,PASS,solve_q1,observations,4,4,8,8,4.2970000013156096,POLYGON,5,22.712282643557256,11.356141321778628,11.356141321778631,3.552713678800501e-15,True,scipy_with_fraction_check,scipy_highs_with_fraction_check
test_consistent_random_observations__081,test_consistent_random_observations,PASS,solve_q1,observations,3,3,6,6,3.506600000036997,POLYGON,6,32.289195351864606,16.144597675932303,16.144597675932314,1.0658141036401503e-14,True,scipy_with_fraction_check,scipy_highs_with_fraction_check
test_consistent_random_observations__082,test_consistent_random_observations,PASS,solve_q1,observations,4,4,8,8,4.541700000117999,POLYGON,6,26.3166136858927,13.15830684294635,13.39473235983642,0.23642551689006908,False,scipy_with_fraction_check,scipy_highs_with_fraction_check
test_consistent_random_observations__083,test_consistent_random_observations,PASS,solve_q1,observations,3,3,6,6,3.1945000009727664,POLYGON,4,17.528363083493996,8.764181541746998,11.130370220725672,2.3661886789786735,False,scipy_with_fraction_check,scipy_highs_with_fraction_check
test_consistent_random_observations__084,test_consistent_random_observations,PASS,solve_q1,observations,4,4,8,8,4.075999999258784,POLYGON,5,17.528363083493996,8.764181541746998,9.469959750907634,0.7057782091606359,False,scipy_with_fraction_check,scipy_highs_with_fraction_check
test_consistent_random_observations__085,test_consistent_random_observations,PASS,solve_q1,observations,3,3,6,6,3.4292000000277767,POLYGON,6,32.314230614523254,16.157115307261627,16.157115307261634,7.105427357601002e-15,True,scipy_with_fraction_check,scipy_highs_with_fraction_check
test_consistent_random_observations__086,test_consistent_random_observations,PASS,solve_q1,observations,4,4,8,8,4.648900001484435,POLYGON,6,32.314230614523254,16.157115307261627,16.157115307261634,7.105427357601002e-15,True,scipy_with_fraction_check,scipy_highs_with_fraction_check
test_consistent_random_observations__087,test_consistent_random_observations,PASS,solve_q1,observations,3,3,6,6,3.1684999994467944,POLYGON,4,31.775242378748,15.887621189374,20.00510059847413,4.117479409100129,False,scipy_with_fraction_check,scipy_highs_with_fraction_check
test_consistent_random_observations__088,test_consistent_random_observations,PASS,solve_q1,observations,4,4,8,8,4.103299999769661,POLYGON,5,31.775242378748,15.887621189374,15.88762118937401,8.881784197001252e-15,True,scipy_with_fraction_check,scipy_highs_with_fraction_check
test_consistent_random_observations__089,test_consistent_random_observations,PASS,solve_q1,observations,3,3,6,6,3.590000000258442,POLYGON,6,26.69702640099359,13.348513200496795,14.291716547498476,0.9432033470016812,False,scipy_with_fraction_check,scipy_highs_with_fraction_check
test_consistent_random_observations__090,test_consistent_random_observations,PASS,solve_q1,observations,4,4,8,8,4.532099999778438,POLYGON,6,26.69702640099359,13.348513200496795,13.893042689463496,0.5445294889667007,False,scipy_with_fraction_check,scipy_highs_with_fraction_check
test_consistent_random_observations__091,test_consistent_random_observations,PASS,solve_q1,observations,3,3,6,6,3.5064999992755475,POLYGON,6,32.37987472002551,16.189937360012756,16.189937360012784,2.842170943040401e-14,True,scipy_with_fraction_check,scipy_highs_with_fraction_check
test_consistent_random_observations__092,test_consistent_random_observations,PASS,solve_q1,observations,4,4,8,8,4.054099999848404,POLYGON,5,23.02189947628377,11.510949738141885,12.33058192805251,0.8196321899106245,False,scipy_with_fraction_check,scipy_highs_with_fraction_check
test_consistent_random_observations__093,test_consistent_random_observations,PASS,solve_q1,observations,3,3,6,6,3.3589999984542374,POLYGON,5,25.155948285436285,12.577974142718142,12.577974142718169,2.6645352591003757e-14,True,scipy_with_fraction_check,scipy_highs_with_fraction_check
test_consistent_random_observations__094,test_consistent_random_observations,PASS,solve_q1,observations,4,4,8,8,4.607599999872036,POLYGON,5,25.155948285436285,12.577974142718142,12.577974142718169,2.6645352591003757e-14,True,scipy_with_fraction_check,scipy_highs_with_fraction_check
test_consistent_random_observations__095,test_consistent_random_observations,PASS,solve_q1,observations,3,3,6,6,3.1050999987201067,POLYGON,3,12.782323619368027,6.3911618096840135,7.829863511063272,1.4387017013792587,False,scipy_with_fraction_check,scipy_highs_with_fraction_check
test_consistent_random_observations__096,test_consistent_random_observations,PASS,solve_q1,observations,4,4,8,8,3.975600000558188,POLYGON,3,12.782323619368027,6.3911618096840135,7.829863511063272,1.4387017013792587,False,scipy_with_fraction_check,scipy_highs_with_fraction_check
test_consistent_random_observations__097,test_consistent_random_observations,PASS,solve_q1,observations,3,3,6,6,3.339599999890197,POLYGON,5,27.910956732580164,13.955478366290082,14.039927292386345,0.08444892609626287,False,scipy_with_fraction_check,scipy_highs_with_fraction_check
test_consistent_random_observations__098,test_consistent_random_observations,PASS,solve_q1,observations,4,4,8,8,4.2620999993232545,POLYGON,5,20.24829273239503,10.124146366197515,10.124146366197515,0.0,True,scipy_with_fraction_check,scipy_highs_with_fraction_check
test_consistent_random_observations__099,test_consistent_random_observations,PASS,solve_q1,observations,3,3,6,6,8.620900000096299,POLYGON,5,25.190219572291205,12.595109786145603,12.595109786145613,1.0658141036401503e-14,True,scipy_with_fraction_check,scipy_highs_with_fraction_check
test_consistent_random_observations__100,test_consistent_random_observations,PASS,solve_q1,observations,4,4,8,8,4.40820000039821,POLYGON,6,24.363353693465573,12.181676846732787,12.18167684673281,2.3092638912203256e-14,True,scipy_with_fraction_check,scipy_highs_with_fraction_check
test_consistent_random_observations__101,test_consistent_random_observations,PASS,solve_q1,observations,3,3,6,6,3.3070000008592615,POLYGON,4,23.416704374856483,11.708352187428241,14.576318795022905,2.8679666075946635,False,scipy_with_fraction_check,scipy_highs_with_fraction_check
test_consistent_random_observations__102,test_consistent_random_observations,PASS,solve_q1,observations,4,4,8,8,3.9801000002626097,POLYGON,5,22.962850530763838,11.481425265381919,14.573144827573994,3.0917195621920754,False,scipy_with_fraction_check,scipy_highs_with_fraction_check
test_consistent_random_observations__103,test_consistent_random_observations,PASS,solve_q1,observations,3,3,6,6,3.039199998966069,POLYGON,3,20.27150907190812,10.13575453595406,15.720415808989546,5.584661273035486,False,scipy_with_fraction_check,scipy_highs_with_fraction_check
test_consistent_random_observations__104,test_consistent_random_observations,PASS,solve_q1,observations,4,4,8,8,4.13259999913862,POLYGON,4,19.30347510956782,9.65173755478391,14.952746389677008,5.301008834893098,False,scipy_with_fraction_check,scipy_highs_with_fraction_check
test_consistent_random_observations__105,test_consistent_random_observations,PASS,solve_q1,observations,3,3,6,6,3.399199998966651,POLYGON,4,18.01940247065873,9.009701235329365,12.127138136436844,3.11743690110748,False,scipy_with_fraction_check,scipy_highs_with_fraction_check
test_consistent_random_observations__106,test_consistent_random_observations,PASS,solve_q1,observations,4,4,8,8,4.08890000107931,POLYGON,4,18.01940247065873,9.009701235329365,12.127138136436844,3.11743690110748,False,scipy_with_fraction_check,scipy_highs_with_fraction_check
test_consistent_random_observations__107,test_consistent_random_observations,PASS,solve_q1,observations,3,3,6,6,3.367600000274251,POLYGON,6,24.785486220032382,12.392743110016191,15.082403507669817,2.6896603976536255,False,scipy_with_fraction_check,scipy_highs_with_fraction_check
test_consistent_random_observations__108,test_consistent_random_observations,PASS,solve_q1,observations,4,4,8,8,4.5274999993125675,POLYGON,6,24.169381095836204,12.084690547918102,12.084690547918102,0.0,True,scipy_with_fraction_check,scipy_highs_with_fraction_check
test_consistent_random_observations__109,test_consistent_random_observations,PASS,solve_q1,observations,3,3,6,6,3.4023000007437076,POLYGON,6,32.62811081792988,16.31405540896494,19.52154664493904,3.2074912359741,False,scipy_with_fraction_check,scipy_highs_with_fraction_check
test_consistent_random_observations__110,test_consistent_random_observations,PASS,solve_q1,observations,4,4,8,8,4.145499999140156,POLYGON,6,32.62110437306821,16.310552186534107,19.691313439996883,3.380761253462776,False,scipy_with_fraction_check,scipy_highs_with_fraction_check
test_consistent_random_observations__111,test_consistent_random_observations,PASS,solve_q1,observations,3,3,6,6,3.282499999841093,POLYGON,6,23.92802564192114,11.96401282096057,16.54500973528699,4.58099691432642,False,scipy_with_fraction_check,scipy_highs_with_fraction_check
test_consistent_random_observations__112,test_consistent_random_observations,PASS,solve_q1,observations,4,4,8,8,4.215699998894706,POLYGON,6,23.58562512287119,11.792812561435595,16.566754455161508,4.7739418937259135,False,scipy_with_fraction_check,scipy_highs_with_fraction_check
test_consistent_random_observations__113,test_consistent_random_observations,PASS,solve_q1,observations,3,3,6,6,3.301599999758764,POLYGON,5,23.996335681461492,11.998167840730746,14.92030749379433,2.9221396530635833,False,scipy_with_fraction_check,scipy_highs_with_fraction_check
test_consistent_random_observations__114,test_consistent_random_observations,PASS,solve_q1,observations,4,4,8,8,3.81079999897338,POLYGON,5,23.971422298640526,11.985711149320263,11.985711149320263,0.0,True,scipy_with_fraction_check,scipy_highs_with_fraction_check
test_consistent_random_observations__115,test_consistent_random_observations,PASS,solve_q1,observations,3,3,6,6,3.101400001469301,POLYGON,5,21.19893530218919,10.599467651094596,12.805836067037188,2.206368415942592,False,scipy_with_fraction_check,scipy_highs_with_fraction_check
test_consistent_random_observations__116,test_consistent_random_observations,PASS,solve_q1,observations,4,4,8,8,3.800400001637172,POLYGON,5,19.90679392295804,9.95339696147902,9.95339696147902,0.0,True,scipy_with_fraction_check,scipy_highs_with_fraction_check
test_consistent_random_observations__117,test_consistent_random_observations,PASS,solve_q1,observations,3,3,6,6,3.3581000006961403,POLYGON,4,13.3338116271036,6.6669058135518,10.783862324599278,4.116956511047478,False,scipy_with_fraction_check,scipy_highs_with_fraction_check
test_consistent_random_observations__118,test_consistent_random_observations,PASS,solve_q1,observations,4,4,8,8,3.6815999992541037,POLYGON,4,13.3338116271036,6.6669058135518,10.783862324599278,4.116956511047478,False,scipy_with_fraction_check,scipy_highs_with_fraction_check
test_consistent_random_observations__119,test_consistent_random_observations,PASS,solve_q1,observations,3,3,6,6,2.9429000005620765,POLYGON,4,26.84440885344491,13.422204426722455,13.422204426722484,2.842170943040401e-14,True,scipy_with_fraction_check,scipy_highs_with_fraction_check
test_consistent_random_observations__120,test_consistent_random_observations,PASS,solve_q1,observations,4,4,8,8,3.814899999269983,POLYGON,5,23.6521278839666,11.8260639419833,11.826063941983302,1.7763568394002505e-15,True,scipy_with_fraction_check,scipy_highs_with_fraction_check
test_consistent_random_observations__121,test_consistent_random_observations,PASS,solve_q1,observations,3,3,6,6,3.1889999991108198,POLYGON,5,31.34122936737858,15.67061468368929,15.670614683689307,1.5987211554602254e-14,True,scipy_with_fraction_check,scipy_highs_with_fraction_check
test_consistent_random_observations__122,test_consistent_random_observations,PASS,solve_q1,observations,4,4,8,8,3.980299999966519,POLYGON,5,31.34122936737858,15.67061468368929,15.670614683689307,1.5987211554602254e-14,True,scipy_with_fraction_check,scipy_highs_with_fraction_check
test_consistent_random_observations__123,test_consistent_random_observations,PASS,solve_q1,observations,3,3,6,6,3.1178999997791834,POLYGON,6,35.88335078499438,17.94167539249719,17.941675392497203,1.4210854715202004e-14,True,scipy_with_fraction_check,scipy_highs_with_fraction_check
test_consistent_random_observations__124,test_consistent_random_observations,PASS,solve_q1,observations,4,4,8,8,3.8002000001142733,POLYGON,5,27.27107044553867,13.635535222769334,13.635535222769363,2.842170943040401e-14,True,scipy_with_fraction_check,scipy_highs_with_fraction_check
test_consistent_random_observations__125,test_consistent_random_observations,PASS,solve_q1,observations,3,3,6,6,3.074800000831601,POLYGON,6,35.9569185639281,17.97845928196405,18.994368680705563,1.0159093987415133,False,scipy_with_fraction_check,scipy_highs_with_fraction_check
test_consistent_random_observations__126,test_consistent_random_observations,PASS,solve_q1,observations,4,4,8,8,3.8444000001618406,POLYGON,4,29.73829323158163,14.869146615790815,16.887122835674145,2.01797621988333,False,scipy_with_fraction_check,scipy_highs_with_fraction_check
test_consistent_random_observations__127,test_consistent_random_observations,PASS,solve_q1,observations,3,3,6,6,3.072499999689171,POLYGON,4,25.223157967782935,12.611578983891468,14.523436280262057,1.9118572963705898,False,scipy_with_fraction_check,scipy_highs_with_fraction_check
test_consistent_random_observations__128,test_consistent_random_observations,PASS,solve_q1,observations,4,4,8,8,3.926600000340841,POLYGON,4,25.223157967782935,12.611578983891468,14.523436280262057,1.9118572963705898,False,scipy_with_fraction_check,scipy_highs_with_fraction_check
test_consistent_random_observations__129,test_consistent_random_observations,PASS,solve_q1,observations,3,3,6,6,3.3801000008679694,POLYGON,6,25.350880607598643,12.675440303799322,12.973479135836232,0.2980388320369105,False,scipy_with_fraction_check,scipy_highs_with_fraction_check
test_consistent_random_observations__130,test_consistent_random_observations,PASS,solve_q1,observations,4,4,8,8,3.8562999998248415,POLYGON,4,12.686195811969542,6.343097905984771,6.343097905984776,5.329070518200751e-15,True,scipy_with_fraction_check,scipy_highs_with_fraction_check
test_consistent_random_observations__131,test_consistent_random_observations,PASS,solve_q1,observations,3,3,6,6,3.027100001418148,POLYGON,3,26.835474185274858,13.417737092637429,16.699666448674503,3.2819293560370735,False,scipy_with_fraction_check,scipy_highs_with_fraction_check
test_consistent_random_observations__132,test_consistent_random_observations,PASS,solve_q1,observations,4,4,8,8,3.7960999998176703,POLYGON,4,26.835474185274858,13.417737092637429,13.417737092637434,5.329070518200751e-15,True,scipy_with_fraction_check,scipy_highs_with_fraction_check
test_consistent_random_observations__133,test_consistent_random_observations,PASS,solve_q1,observations,3,3,6,6,3.1839000002946705,POLYGON,5,20.546170899938325,10.273085449969162,16.12589986624213,5.852814416272967,False,scipy_with_fraction_check,scipy_highs_with_fraction_check
test_consistent_random_observations__134,test_consistent_random_observations,PASS,solve_q1,observations,4,4,8,8,4.162900000665104,POLYGON,6,20.51773338550417,10.258866692752084,10.258866692752107,2.3092638912203256e-14,True,scipy_with_fraction_check,scipy_highs_with_fraction_check
test_consistent_random_observations__135,test_consistent_random_observations,PASS,solve_q1,observations,3,3,6,6,3.121800000371877,POLYGON,5,17.92004184716972,8.96002092358486,9.549138863770946,0.5891179401860853,False,scipy_with_fraction_check,scipy_highs_with_fraction_check
test_consistent_random_observations__136,test_consistent_random_observations,PASS,solve_q1,observations,4,4,8,8,3.9799000005587004,POLYGON,5,17.92004184716972,8.96002092358486,9.549138863770946,0.5891179401860853,False,scipy_with_fraction_check,scipy_highs_with_fraction_check
test_consistent_random_observations__137,test_consistent_random_observations,PASS,solve_q1,observations,3,3,6,6,2.9988999995111953,POLYGON,4,25.987897097450688,12.993948548725344,20.34574339427128,7.351794845545937,False,scipy_with_fraction_check,scipy_highs_with_fraction_check
test_consistent_random_observations__138,test_consistent_random_observations,PASS,solve_q1,observations,4,4,8,8,3.7897999991400866,POLYGON,5,25.987897097450688,12.993948548725344,16.38629054678608,3.3923419980607346,False,scipy_with_fraction_check,scipy_highs_with_fraction_check
test_consistent_random_observations__139,test_consistent_random_observations,PASS,solve_q1,observations,3,3,6,6,3.1701000007160474,POLYGON,5,18.55282554527517,9.276412772637585,11.040324174163743,1.7639114015261583,False,scipy_with_fraction_check,scipy_highs_with_fraction_check
test_consistent_random_observations__140,test_consistent_random_observations,PASS,solve_q1,observations,4,4,8,8,4.320899999584071,POLYGON,6,17.7627306792776,8.8813653396388,10.735862738513486,1.8544973988746865,False,scipy_with_fraction_check,scipy_highs_with_fraction_check
test_consistent_random_observations__141,test_consistent_random_observations,PASS,solve_q1,observations,3,3,6,6,3.1227999988914235,POLYGON,5,19.302908920579394,9.651454460289697,9.686188153598927,0.03473369330922971,False,scipy_with_fraction_check,scipy_highs_with_fraction_check
test_consistent_random_observations__142,test_consistent_random_observations,PASS,solve_q1,observations,4,4,8,8,3.901600000972394,POLYGON,5,19.208580491575876,9.604290245787938,9.627962241979635,0.023671996191696465,False,scipy_with_fraction_check,scipy_highs_with_fraction_check
test_consistent_random_observations__143,test_consistent_random_observations,PASS,solve_q1,observations,3,3,6,6,4.144900000028429,POLYGON,4,31.011424830055763,15.505712415027881,15.505712415027896,1.4210854715202004e-14,True,scipy_with_fraction_check,scipy_highs_with_fraction_check
test_consistent_random_observations__144,test_consistent_random_observations,PASS,solve_q1,observations,4,4,8,8,4.008100000646664,POLYGON,5,28.681728902376182,14.340864451188091,14.340864451188095,3.552713678800501e-15,True,scipy_with_fraction_check,scipy_highs_with_fraction_check
test_consistent_random_observations__145,test_consistent_random_observations,PASS,solve_q1,observations,3,3,6,6,3.220599999622209,POLYGON,5,26.891954524394816,13.445977262197408,14.377575624125836,0.9315983619284278,False,scipy_with_fraction_check,scipy_highs_with_fraction_check
test_consistent_random_observations__146,test_consistent_random_observations,PASS,solve_q1,observations,4,4,8,8,3.9558999997098,POLYGON,5,18.626933282401094,9.313466641200547,10.161280450929183,0.8478138097286365,False,scipy_with_fraction_check,scipy_highs_with_fraction_check
test_consistent_random_observations__147,test_consistent_random_observations,PASS,solve_q1,observations,3,3,6,6,3.4476000000722706,POLYGON,5,16.28343874830061,8.141719374150306,10.020325876117752,1.8786065019674467,False,scipy_with_fraction_check,scipy_highs_with_fraction_check
test_consistent_random_observations__148,test_consistent_random_observations,PASS,solve_q1,observations,4,4,8,8,4.3619000007311115,POLYGON,5,16.28343874830061,8.141719374150306,8.461997439298743,0.3202780651484378,False,scipy_with_fraction_check,scipy_highs_with_fraction_check
test_consistent_random_observations__149,test_consistent_random_observations,PASS,solve_q1,observations,3,3,6,6,3.3743999993021134,POLYGON,5,25.50987491365179,12.754937456825894,15.09940224474934,2.344464787923446,False,scipy_with_fraction_check,scipy_highs_with_fraction_check
test_consistent_random_observations__150,test_consistent_random_observations,PASS,solve_q1,observations,4,4,8,8,5.635299999994459,POLYGON,6,20.417231311133513,10.208615655566756,10.4551442336223,0.2465285780555444,False,scipy_with_fraction_check,scipy_highs_with_fraction_check
test_consistent_random_observations__151,test_consistent_random_observations,PASS,solve_q1,observations,3,3,6,6,3.6481999995885417,POLYGON,6,30.782561073253586,15.391280536626793,16.05585177680175,0.664571240174956,False,scipy_with_fraction_check,scipy_highs_with_fraction_check
test_consistent_random_observations__152,test_consistent_random_observations,PASS,solve_q1,observations,4,4,8,8,4.085299999132985,POLYGON,6,30.395780286786067,15.197890143393034,15.19789014339304,7.105427357601002e-15,True,scipy_with_fraction_check,scipy_highs_with_fraction_check
test_consistent_random_observations__153,test_consistent_random_observations,PASS,solve_q1,observations,3,3,6,6,3.2680999993317528,POLYGON,6,16.22981576796982,8.11490788398491,8.11490788398491,0.0,True,scipy_with_fraction_check,scipy_highs_with_fraction_check
test_consistent_random_observations__154,test_consistent_random_observations,PASS,solve_q1,observations,4,4,8,8,4.527000000962289,POLYGON,7,15.66922215318764,7.83461107659382,8.24205703687934,0.4074459602855196,False,scipy_with_fraction_check,scipy_highs_with_fraction_check
test_consistent_random_observations__155,test_consistent_random_observations,PASS,solve_q1,observations,3,3,6,6,3.1072999991010875,POLYGON,3,14.531833146560603,7.265916573280301,10.978508424883996,3.712591851603695,False,scipy_with_fraction_check,scipy_highs_with_fraction_check
test_consistent_random_observations__156,test_consistent_random_observations,PASS,solve_q1,observations,4,4,8,8,3.611599999203463,POLYGON,3,5.042656613974294,2.521328306987147,3.9314127551999016,1.4100844482127548,False,scipy_with_fraction_check,scipy_highs_with_fraction_check
test_consistent_random_observations__157,test_consistent_random_observations,PASS,solve_q1,observations,3,3,6,6,3.205500001058681,POLYGON,5,24.743918081324423,12.371959040662212,12.371959040662224,1.2434497875801753e-14,True,scipy_with_fraction_check,scipy_highs_with_fraction_check
test_consistent_random_observations__158,test_consistent_random_observations,PASS,solve_q1,observations,4,4,8,8,3.614900000684429,POLYGON,3,12.660570437339388,6.330285218669694,9.296109837786624,2.9658246191169297,False,scipy_with_fraction_check,scipy_highs_with_fraction_check
test_consistent_random_observations__159,test_consistent_random_observations,PASS,solve_q1,observations,3,3,6,6,3.3327999990433455,POLYGON,5,23.86658576788942,11.93329288394471,15.065429420008051,3.132136536063342,False,scipy_with_fraction_check,scipy_highs_with_fraction_check
test_consistent_random_observations__160,test_consistent_random_observations,PASS,solve_q1,observations,4,4,8,8,3.945899999962421,POLYGON,5,23.86658576788942,11.93329288394471,15.065429420008051,3.132136536063342,False,scipy_with_fraction_check,scipy_highs_with_fraction_check
test_consistent_random_observations__161,test_consistent_random_observations,PASS,solve_q1,observations,3,3,6,6,2.993999998579966,POLYGON,4,25.581473800958232,12.790736900479116,15.957837228437715,3.1671003279585985,False,scipy_with_fraction_check,scipy_highs_with_fraction_check
test_consistent_random_observations__162,test_consistent_random_observations,PASS,solve_q1,observations,4,4,8,8,3.9692999998806044,POLYGON,6,22.870502577644604,11.435251288822302,13.114006339519833,1.6787550506975304,False,scipy_with_fraction_check,scipy_highs_with_fraction_check
test_consistent_random_observations__163,test_consistent_random_observations,PASS,solve_q1,observations,3,3,6,6,3.2816000002640067,POLYGON,6,28.44783122999307,14.223915614996535,14.223915614996557,2.1316282072803006e-14,True,scipy_with_fraction_check,scipy_highs_with_fraction_check
test_consistent_random_observations__164,test_consistent_random_observations,PASS,solve_q1,observations,4,4,8,8,4.134200000407873,POLYGON,6,16.049549728366415,8.024774864183208,8.395012830816738,0.37023796663353004,False,scipy_with_fraction_check,scipy_highs_with_fraction_check
test_consistent_random_observations__165,test_consistent_random_observations,PASS,solve_q1,observations,3,3,6,6,3.193299999111332,POLYGON,6,23.772736553421012,11.886368276710506,11.886368276710506,0.0,True,scipy_with_fraction_check,scipy_highs_with_fraction_check
test_consistent_random_observations__166,test_consistent_random_observations,PASS,solve_q1,observations,4,4,8,8,4.013499999928172,POLYGON,6,23.772736553421012,11.886368276710506,11.886368276710506,0.0,True,scipy_with_fraction_check,scipy_highs_with_fraction_check
test_consistent_random_observations__167,test_consistent_random_observations,PASS,solve_q1,observations,3,3,6,6,2.911700001277495,POLYGON,4,25.613012744259628,12.806506372129814,12.80650637212984,2.6645352591003757e-14,True,scipy_with_fraction_check,scipy_highs_with_fraction_check
test_consistent_random_observations__168,test_consistent_random_observations,PASS,solve_q1,observations,4,4,8,8,4.043999999339576,POLYGON,4,19.09083938013213,9.545419690066065,9.545419690066074,8.881784197001252e-15,True,scipy_with_fraction_check,scipy_highs_with_fraction_check
test_consistent_random_observations__169,test_consistent_random_observations,PASS,solve_q1,observations,3,3,6,6,3.0827999999019084,POLYGON,5,21.0435559471971,10.52177797359855,12.701437817551831,2.1796598439532815,False,scipy_with_fraction_check,scipy_highs_with_fraction_check
test_consistent_random_observations__170,test_consistent_random_observations,PASS,solve_q1,observations,4,4,8,8,4.046000000016647,POLYGON,7,21.0435559471971,10.52177797359855,12.701437817551831,2.1796598439532815,False,scipy_with_fraction_check,scipy_highs_with_fraction_check
test_consistent_random_observations__171,test_consistent_random_observations,PASS,solve_q1,observations,3,3,6,6,3.1582000010530464,POLYGON,6,21.91320695917051,10.956603479585254,10.956603479585269,1.4210854715202004e-14,True,scipy_with_fraction_check,scipy_highs_with_fraction_check
test_consistent_random_observations__172,test_consistent_random_observations,PASS,solve_q1,observations,4,4,8,8,4.77610000052664,POLYGON,6,19.904144780448533,9.952072390224266,10.085069966022342,0.13299757579807547,False,scipy_with_fraction_check,scipy_highs_with_fraction_check
test_consistent_random_observations__173,test_consistent_random_observations,PASS,solve_q1,observations,3,3,6,6,3.3618999987083953,POLYGON,6,31.75158382503002,15.87579191251501,15.87579191251502,8.881784197001252e-15,True,scipy_with_fraction_check,scipy_highs_with_fraction_check
test_consistent_random_observations__174,test_consistent_random_observations,PASS,solve_q1,observations,4,4,8,8,4.364299998997012,POLYGON,5,13.46589902881116,6.73294951440558,8.071725394475942,1.3387758800703624,False,scipy_with_fraction_check,scipy_highs_with_fraction_check
test_consistent_random_observations__175,test_consistent_random_observations,PASS,solve_q1,observations,3,3,6,6,4.650700000638608,POLYGON,6,18.47240467265363,9.236202336326816,11.643535223063191,2.4073328867363752,False,scipy_with_fraction_check,scipy_highs_with_fraction_check
test_consistent_random_observations__176,test_consistent_random_observations,PASS,solve_q1,observations,4,4,8,8,3.9906999991217162,POLYGON,6,17.86918476743969,8.934592383719846,10.94162996469077,2.007037580970925,False,scipy_with_fraction_check,scipy_highs_with_fraction_check
test_consistent_random_observations__177,test_consistent_random_observations,PASS,solve_q1,observations,3,3,6,6,3.0525999991368735,POLYGON,5,18.167080593364368,9.083540296682184,9.27266433895939,0.18912404227720536,False,scipy_with_fraction_check,scipy_highs_with_fraction_check
test_consistent_random_observations__178,test_consistent_random_observations,PASS,solve_q1,observations,4,4,8,8,3.806500000791857,POLYGON,5,18.167080593364368,9.083540296682184,9.27266433895939,0.18912404227720536,False,scipy_with_fraction_check,scipy_highs_with_fraction_check
test_consistent_random_observations__179,test_consistent_random_observations,PASS,solve_q1,observations,3,3,6,6,3.206700001101126,POLYGON,6,26.421712805055996,13.210856402527998,17.77190923039144,4.561052827863442,False,scipy_with_fraction_check,scipy_highs_with_fraction_check
test_consistent_random_observations__180,test_consistent_random_observations,PASS,solve_q1,observations,4,4,8,8,4.852300000493415,POLYGON,7,25.04011372687751,12.520056863438755,16.94851541681587,4.428458553377114,False,scipy_with_fraction_check,scipy_highs_with_fraction_check
test_consistent_random_observations__181,test_consistent_random_observations,PASS,solve_q1,observations,3,3,6,6,3.7069999998493586,POLYGON,6,22.049994419460035,11.024997209730017,14.442755728578629,3.4177585188486113,False,scipy_with_fraction_check,scipy_highs_with_fraction_check
test_consistent_random_observations__182,test_consistent_random_observations,PASS,solve_q1,observations,4,4,8,8,4.059199998664553,POLYGON,4,18.841193792468655,9.420596896234327,13.794048885883573,4.373451989649245,False,scipy_with_fraction_check,scipy_highs_with_fraction_check
test_consistent_random_observations__183,test_consistent_random_observations,PASS,solve_q1,observations,3,3,6,6,3.127600000880193,POLYGON,4,17.593011423252317,8.796505711626159,12.017280709809127,3.220774998182968,False,scipy_with_fraction_check,scipy_highs_with_fraction_check
test_consistent_random_observations__184,test_consistent_random_observations,PASS,solve_q1,observations,4,4,8,8,4.118900000321446,POLYGON,5,17.593011423252317,8.796505711626159,11.586180163874873,2.7896744522487147,False,scipy_with_fraction_check,scipy_highs_with_fraction_check
test_consistent_random_observations__185,test_consistent_random_observations,PASS,solve_q1,observations,3,3,6,6,3.206999999747495,POLYGON,6,29.58859029290227,14.794295146451136,15.666215679622413,0.8719205331712772,False,scipy_with_fraction_check,scipy_highs_with_fraction_check
test_consistent_random_observations__186,test_consistent_random_observations,PASS,solve_q1,observations,4,4,8,8,4.046900001412723,POLYGON,6,26.447954010706965,13.223977005353483,15.708333124572306,2.4843561192188233,False,scipy_with_fraction_check,scipy_highs_with_fraction_check
test_consistent_random_observations__187,test_consistent_random_observations,PASS,solve_q1,observations,3,3,6,6,3.2219999993685633,POLYGON,4,27.2693152558022,13.6346576279011,20.206083190552533,6.571425562651433,False,scipy_with_fraction_check,scipy_highs_with_fraction_check
test_consistent_random_observations__188,test_consistent_random_observations,PASS,solve_q1,observations,4,4,8,8,4.241700000420678,POLYGON,5,25.360129063609357,12.680064531804678,12.68006453180473,5.1514348342607263e-14,True,scipy_with_fraction_check,scipy_highs_with_fraction_check
test_consistent_random_observations__189,test_consistent_random_observations,PASS,solve_q1,observations,3,3,6,6,3.257500000472646,POLYGON,6,32.095407317363275,16.047703658681638,16.04770365868164,3.552713678800501e-15,True,scipy_with_fraction_check,scipy_highs_with_fraction_check
test_consistent_random_observations__190,test_consistent_random_observations,PASS,solve_q1,observations,4,4,8,8,4.292699999496108,POLYGON,7,32.095407317363275,16.047703658681638,16.04770365868164,3.552713678800501e-15,True,scipy_with_fraction_check,scipy_highs_with_fraction_check
test_consistent_random_observations__191,test_consistent_random_observations,PASS,solve_q1,observations,3,3,6,6,3.0442999996012077,POLYGON,4,18.55843083331396,9.27921541665698,11.240326457713197,1.961111041056217,False,scipy_with_fraction_check,scipy_highs_with_fraction_check
test_consistent_random_observations__192,test_consistent_random_observations,PASS,solve_q1,observations,4,4,8,8,4.36959999933606,POLYGON,4,16.359992017934047,8.179996008967024,9.527935892170273,1.3479398832032494,False,scipy_with_fraction_check,scipy_highs_with_fraction_check
test_consistent_random_observations__193,test_consistent_random_observations,PASS,solve_q1,observations,3,3,6,6,3.522999999404419,POLYGON,5,30.5646618518437,15.28233092592185,21.700051717882033,6.417720791960184,False,scipy_with_fraction_check,scipy_highs_with_fraction_check
test_consistent_random_observations__194,test_consistent_random_observations,PASS,solve_q1,observations,4,4,8,8,4.520600001342245,POLYGON,5,29.926100232289183,14.963050116144592,14.963050116144617,2.4868995751603507e-14,True,scipy_with_fraction_check,scipy_highs_with_fraction_check
test_consistent_random_observations__195,test_consistent_random_observations,PASS,solve_q1,observations,3,3,6,6,2.9952000004414003,POLYGON,3,23.61149311599478,11.80574655799739,16.787054456328583,4.981307898331194,False,scipy_with_fraction_check,scipy_highs_with_fraction_check
test_consistent_random_observations__196,test_consistent_random_observations,PASS,solve_q1,observations,4,4,8,8,3.798300000198651,POLYGON,3,23.61149311599478,11.80574655799739,16.787054456328583,4.981307898331194,False,scipy_with_fraction_check,scipy_highs_with_fraction_check
test_consistent_random_observations__197,test_consistent_random_observations,PASS,solve_q1,observations,3,3,6,6,3.0989000006229617,POLYGON,6,20.200666669200956,10.100333334600478,14.483456133250828,4.38312279865035,False,scipy_with_fraction_check,scipy_highs_with_fraction_check
test_consistent_random_observations__198,test_consistent_random_observations,PASS,solve_q1,observations,4,4,8,8,4.300299999158597,POLYGON,7,20.200666669200956,10.100333334600478,14.406400681457223,4.306067346856745,False,scipy_with_fraction_check,scipy_highs_with_fraction_check
test_consistent_random_observations__199,test_consistent_random_observations,PASS,solve_q1,observations,3,3,6,6,4.016000000774511,POLYGON,6,34.018791863941445,17.009395931970722,17.009395931970726,3.552713678800501e-15,True,scipy_with_fraction_check,scipy_highs_with_fraction_check
test_consistent_random_observations__200,test_consistent_random_observations,PASS,solve_q1,observations,4,4,8,8,4.083200001332443,POLYGON,5,24.934925538381624,12.467462769190812,13.727563865361734,1.2601010961709225,False,scipy_with_fraction_check,scipy_highs_with_fraction_check
test_constant_constraints__001,test_constant_constraints,PASS,solve_halfplanes,halfplanes,,,1,,0.3113000002485933,EMPTY,0,,,,,,scipy_with_fraction_check,not_run_or_early_return
test_constant_constraints__002,test_constant_constraints,PASS,solve_halfplanes,halfplanes,,,1,,0.25610000011511147,UNBOUNDED,0,Infinity,,,,,scipy_with_fraction_check,not_run_or_early_return
test_contradictory_parallel_constraints__001,test_contradictory_parallel_constraints,PASS,solve_halfplanes,halfplanes,,,2,2,0.5978999997751089,EMPTY,0,,,,,,scipy_with_fraction_check,scipy_highs_with_fraction_check
test_document_three_observations__001,test_document_three_observations,PASS,solve_q1,observations,3,3,6,6,3.234199999496923,POLYGON,6,32.25187208460611,16.125936042303056,16.370309230688353,0.2443731883852962,False,scipy_with_fraction_check,scipy_highs_with_fraction_check
test_document_two_observations__001,test_document_two_observations,PASS,solve_q1,observations,2,2,4,4,2.585799998996663,POLYGON,4,39.50834065898743,19.754170329493714,19.754170329493714,0.0,True,scipy_with_fraction_check,scipy_highs_with_fraction_check
test_duplicate_and_permutation__001,test_duplicate_and_permutation,PASS,solve_q1,observations,2,2,4,4,2.6670000006561168,POLYGON,4,39.50834065898743,19.754170329493714,19.754170329493714,0.0,True,scipy_with_fraction_check,scipy_highs_with_fraction_check
test_duplicate_and_permutation__002,test_duplicate_and_permutation,PASS,solve_q1,observations,4,2,8,4,2.3413000017171726,POLYGON,4,39.50834065898743,19.754170329493714,19.754170329493714,0.0,True,scipy_with_fraction_check,scipy_highs_with_fraction_check
test_empty_observation_intersection__001,test_empty_observation_intersection,PASS,solve_q1,observations,2,2,4,4,0.46579999980167486,EMPTY,0,,,,,,scipy_with_fraction_check,scipy_highs_with_fraction_check
test_invalid_inputs__001,test_invalid_inputs,PASS,solve_q1,observations,0,0,,,0.005599998985417187,EXCEPTION,,,,,,,scipy_with_fraction_check,
test_invalid_inputs__002,test_invalid_inputs,PASS,solve_q1,observations,1,1,,,0.00399999953515362,EXCEPTION,,,,,,,scipy_with_fraction_check,
test_invalid_inputs__003,test_invalid_inputs,PASS,solve_q1,observations,1,1,,,0.019999999494757503,EXCEPTION,,,,,,,scipy_with_fraction_check,
test_invalid_inputs__004,test_invalid_inputs,PASS,solve_q1,observations,1,1,,,0.004499999704421498,EXCEPTION,,,,,,,scipy_with_fraction_check,
test_invalid_inputs__005,test_invalid_inputs,PASS,solve_q1,observations,1,1,,,0.2652000002854038,EXCEPTION,,,,,,,scipy_with_fraction_check,
test_invalid_inputs__006,test_invalid_inputs,PASS,solve_q1,observations,1,1,,,0.2378999997745268,EXCEPTION,,,,,,,scipy_with_fraction_check,
test_invalid_inputs__007,test_invalid_inputs,PASS,solve_q1,observations,1,1,,,0.23429999964719173,EXCEPTION,,,,,,,scipy_with_fraction_check,
test_invalid_inputs__008,test_invalid_inputs,PASS,solve_q1,observations,1,1,,,0.23070000133884605,EXCEPTION,,,,,,,scipy_with_fraction_check,
test_invalid_inputs__009,test_invalid_inputs,PASS,solve_q1,observations,1,1,,,0.29849999918951653,EXCEPTION,,,,,,,scipy_with_fraction_check,
test_lp_numerical_failure_not_unbounded__001,test_lp_numerical_failure_not_unbounded,PASS,solve_q1,observations,2,2,4,4,0.1787999990483513,NUMERICAL_ISSUE,0,,,,,,mocked_linprog,scipy_highs_with_fraction_check
test_lp_uses_free_variables__001,test_lp_uses_free_variables,PASS,solve_q1,observations,1,1,2,2,0.14409999857889488,UNBOUNDED,0,Infinity,,,,,mocked_linprog,scipy_highs_with_fraction_check
test_near_parallel_not_discarded__001,test_near_parallel_not_discarded,PASS,solve_halfplanes,halfplanes,,,3,3,1.0241999989375472,POLYGON,3,1000000000000.0,500000000000.0,500000000000.0,0.0,True,fraction_only,fraction_fourier_motzkin
test_negative_coordinate_square__001,test_negative_coordinate_square,PASS,solve_halfplanes,halfplanes,,,4,4,2.3682000010012416,POLYGON,4,2.8284271247461903,1.4142135623730951,1.4142135623730951,0.0,True,scipy_with_fraction_check,scipy_highs_with_fraction_check
test_point_and_segment_direct_constraints__001,test_point_and_segment_direct_constraints,PASS,solve_halfplanes,halfplanes,,,4,4,2.2059000002627727,POINT,1,0.0,0.0,0.0,0.0,True,scipy_with_fraction_check,scipy_highs_with_fraction_check
test_point_and_segment_direct_constraints__002,test_point_and_segment_direct_constraints,PASS,solve_halfplanes,halfplanes,,,4,4,2.4386999994021608,SEGMENT,2,2.0,1.0,1.0,0.0,True,scipy_with_fraction_check,scipy_highs_with_fraction_check
test_single_observation_unbounded__001,test_single_observation_unbounded,PASS,solve_q1,observations,1,1,2,2,1.572400000441121,UNBOUNDED,0,Infinity,,,,,scipy_with_fraction_check,scipy_highs_with_fraction_check
test_strip_unbounded_with_no_vertices__001,test_strip_unbounded_with_no_vertices,PASS,solve_halfplanes,halfplanes,,,2,2,1.6785999996500323,UNBOUNDED,0,Infinity,,,,,scipy_with_fraction_check,scipy_highs_with_fraction_check
test_thin_polygon_not_merged_into_segment__001,test_thin_polygon_not_merged_into_segment,PASS,solve_halfplanes,halfplanes,,,4,4,0.6503000004158821,POLYGON,4,1.0,0.5,0.5,0.0,True,fraction_only,fraction_fourier_motzkin
test_translation_and_rotation__001,test_translation_and_rotation,PASS,solve_q1,observations,2,2,4,4,2.508300000044983,POLYGON,4,39.50834065898743,19.754170329493714,19.754170329493714,0.0,True,scipy_with_fraction_check,scipy_highs_with_fraction_check
test_translation_and_rotation__002,test_translation_and_rotation,PASS,solve_q1,observations,2,2,4,4,2.434599999105558,POLYGON,4,39.50834065898741,19.754170329493704,19.754170329493785,8.171241461241152e-14,True,scipy_with_fraction_check,scipy_highs_with_fraction_check
test_translation_and_rotation__003,test_translation_and_rotation,PASS,solve_q1,observations,2,2,4,4,2.447500000926084,POLYGON,4,39.50834065898749,19.754170329493746,19.754170329493746,0.0,True,scipy_with_fraction_check,scipy_highs_with_fraction_check
